Scope1,Absolute Time
-1.000000,3568277509.611275
-1.000000,3568277509.621277
-1.000000,3568277509.631275
-1.000000,3568277509.641276
-1.000000,3568277509.651275
-1.000000,3568277509.661275
-1.000000,3568277509.671276
-1.000000,3568277509.681276
-1.000000,3568277509.691274
-1.000000,3568277509.701278
-1.000000,3568277509.711277
-1.000000,3568277509.721277
-1.000000,3568277509.731278
-1.000000,3568277509.741279
-1.000000,3568277509.751279
-1.000000,3568277509.761281
-1.000000,3568277509.771280
-1.000000,3568277509.781280
-1.000000,3568277509.791278
-1.000000,3568277509.801280
-1.000000,3568277509.811281
-1.000000,3568277509.821281
-1.000000,3568277509.831281
-1.000000,3568277509.841282
-1.000000,3568277509.851281
-1.000000,3568277509.861281
-1.000000,3568277509.871282
-1.000000,3568277509.881284
-1.000000,3568277509.891280
-1.000000,3568277509.901283
-1.000000,3568277509.911283
-1.000000,3568277509.921283
-1.000000,3568277509.931284
-1.000000,3568277509.941285
-1.000000,3568277509.951283
-1.000000,3568277509.961284
-1.000000,3568277509.971285
-1.000000,3568277509.981286
-1.000000,3568277509.991282
-1.000000,3568277510.001287
-1.000000,3568277510.011285
-1.000000,3568277510.021287
-1.000000,3568277510.031286
-1.000000,3568277510.041287
-1.000000,3568277510.051286
-1.000000,3568277510.061288
-1.000000,3568277510.071288
-1.000000,3568277510.081287
-1.000000,3568277510.091285
-1.000000,3568277510.101289
-1.000000,3568277510.111289
-1.000000,3568277510.121291
-1.000000,3568277510.131289
-1.000000,3568277510.141290
-1.000000,3568277510.151289
-1.000000,3568277510.161291
-1.000000,3568277510.171290
-1.000000,3568277510.181292
-1.000000,3568277510.191288
-1.000000,3568277510.201292
-1.000000,3568277510.211292
-1.000000,3568277510.221292
-1.000000,3568277510.231292
-1.000000,3568277510.241294
-1.000000,3568277510.251293
-1.000000,3568277510.261292
-1.000000,3568277510.271294
-1.000000,3568277510.281294
-1.000000,3568277510.291292
-1.000000,3568277510.301295
-1.000000,3568277510.311294
-1.000000,3568277510.321295
-1.000000,3568277510.331295
-1.000000,3568277510.341296
-1.000000,3568277510.351295
-1.000000,3568277510.361297
-1.000000,3568277510.371296
-1.000000,3568277510.381296
-1.000000,3568277510.391294
-1.000000,3568277510.401296
-1.000000,3568277510.411297
-1.000000,3568277510.421298
-1.000000,3568277510.431297
-1.000000,3568277510.441298
-1.000000,3568277510.451298
-1.000000,3568277510.461299
-1.000000,3568277510.471299
-1.000000,3568277510.481300
-1.000000,3568277510.491296
-1.000000,3568277510.501300
-1.000000,3568277510.511299
-1.000000,3568277510.521301
-1.000000,3568277510.531301
-1.000000,3568277510.541302
-1.000000,3568277510.551301
-1.000000,3568277510.561301
-1.000000,3568277510.571302
-1.000000,3568277510.581302
-1.000000,3568277510.591300
-1.000000,3568277510.601304
-1.000000,3568277510.611303
-1.000000,3568277510.621304
-1.000000,3568277510.631303
-1.000000,3568277510.641304
-1.000000,3568277510.651304
-1.000000,3568277510.661305
-1.000000,3568277510.671305
-1.000000,3568277510.681306
-1.000000,3568277510.691302
-1.000000,3568277510.701306
-1.000000,3568277510.711306
-1.000000,3568277510.721307
-1.000000,3568277510.731306
-1.000000,3568277510.741306
-1.000000,3568277510.751307
-1.000000,3568277510.761307
-1.000000,3568277510.771307
-1.000000,3568277510.781309
-1.000000,3568277510.791306
-1.000000,3568277510.801308
-1.000000,3568277510.811309
-1.000000,3568277510.821309
-1.000000,3568277510.831309
-1.000000,3568277510.841311
-1.000000,3568277510.851309
-1.000000,3568277510.861310
-1.000000,3568277510.871310
-1.000000,3568277510.881310
-1.000000,3568277510.891307
-1.000000,3568277510.901312
-1.000000,3568277510.911312
-1.000000,3568277510.921312
-1.000000,3568277510.931312
-1.000000,3568277510.941313
-1.000000,3568277510.951312
-1.000000,3568277510.961314
-1.000000,3568277510.971313
-1.000000,3568277510.981314
-1.000000,3568277510.991310
-1.000000,3568277511.001315
-1.000000,3568277511.011315
-1.000000,3568277511.021316
-1.000000,3568277511.031314
-1.000000,3568277511.041315
-1.000000,3568277511.051315
-1.000000,3568277511.061316
-1.000000,3568277511.071316
-1.000000,3568277511.081318
-1.000000,3568277511.091313
-1.000000,3568277511.101316
-1.000000,3568277511.111317
-1.000000,3568277511.121317
-1.000000,3568277511.131317
-1.000000,3568277511.141319
-1.000000,3568277511.151317
-1.000000,3568277511.161319
-1.000000,3568277511.171319
-1.000000,3568277511.181320
-1.000000,3568277511.191317
-1.000000,3568277511.201321
-1.000000,3568277511.211320
-1.000000,3568277511.221321
-1.000000,3568277511.231320
-1.000000,3568277511.241321
-1.000000,3568277511.251321
-1.000000,3568277511.261323
-1.000000,3568277511.271321
-1.000000,3568277511.281321
-1.000000,3568277511.291318
-1.000000,3568277511.301323
-1.000000,3568277511.311323
-1.000000,3568277511.321324
-1.000000,3568277511.331324
-1.000000,3568277511.341323
-1.000000,3568277511.351324
-1.000000,3568277511.361324
-1.000000,3568277511.371325
-1.000000,3568277511.381326
-1.000000,3568277511.391321
-1.000000,3568277511.401325
-1.000000,3568277511.411325
-1.000000,3568277511.421326
-1.000000,3568277511.431324
-1.000000,3568277511.441328
-1.000000,3568277511.451327
-1.000000,3568277511.461327
-1.000000,3568277511.471327
-1.000000,3568277511.481329
-1.000000,3568277511.491325
-1.000000,3568277511.501329
-1.000000,3568277511.511328
-1.000000,3568277511.521328
-1.000000,3568277511.531329
-1.000000,3568277511.541329
-1.000000,3568277511.551330
-1.000000,3568277511.561331
-1.000000,3568277511.571331
-1.000000,3568277511.581330
-1.000000,3568277511.591328
-1.000000,3568277511.601332
-1.000000,3568277511.611331
-1.000000,3568277511.621333
-1.000000,3568277511.631331
-1.000000,3568277511.641332
-1.000000,3568277511.651332
-1.000000,3568277511.661332
-1.000000,3568277511.671333
-1.000000,3568277511.681334
-1.000000,3568277511.691330
-1.000000,3568277511.701334
-1.000000,3568277511.711333
-1.000000,3568277511.721335
-1.000000,3568277511.731334
-1.000000,3568277511.741336
-1.000000,3568277511.751336
-1.000000,3568277511.761335
-1.000000,3568277511.771336
-1.000000,3568277511.781336
-1.000000,3568277511.791333
-1.000000,3568277511.801338
-1.000000,3568277511.811336
-1.000000,3568277511.821338
-1.000000,3568277511.831337
-1.000000,3568277511.841338
-1.000000,3568277511.851339
-1.000000,3568277511.861340
-1.000000,3568277511.871338
-1.000000,3568277511.881339
-1.000000,3568277511.891335
-1.000000,3568277511.901339
-1.000000,3568277511.911340
-1.000000,3568277511.921340
-1.000000,3568277511.931340
-1.000000,3568277511.941339
-1.000000,3568277511.951341
-1.000000,3568277511.961341
-1.000000,3568277511.971342
-1.000000,3568277511.981343
-1.000000,3568277511.991339
-1.000000,3568277512.001342
-1.000000,3568277512.011343
-1.000000,3568277512.021343
-1.000000,3568277512.031343
-1.000000,3568277512.041344
-1.000000,3568277512.051343
-1.000000,3568277512.061344
-1.000000,3568277512.071344
-1.000000,3568277512.081345
-1.000000,3568277512.091341
-1.000000,3568277512.101346
-1.000000,3568277512.111345
-1.000000,3568277512.121345
-1.000000,3568277512.131345
-1.000000,3568277512.141346
-1.000000,3568277512.151346
-1.000000,3568277512.161348
-1.000000,3568277512.171347
-1.000000,3568277512.181348
-1.000000,3568277512.191345
-1.000000,3568277512.201348
-1.000000,3568277512.211347
-1.000000,3568277512.221350
-1.000000,3568277512.231349
-1.000000,3568277512.241349
-1.000000,3568277512.251349
-1.000000,3568277512.261349
-1.000000,3568277512.271349
-1.000000,3568277512.281351
-1.000000,3568277512.291347
-1.000000,3568277512.301351
-1.000000,3568277512.311351
-1.000000,3568277512.321352
-1.000000,3568277512.331351
-1.000000,3568277512.341353
-0.958800,3568277512.351352
-0.958800,3568277512.361353
-0.505173,3568277512.371352
-0.505173,3568277512.381353
-0.371166,3568277512.391350
-0.371166,3568277512.401354
-0.195898,3568277512.411354
-0.195898,3568277512.421354
0.000000,3568277512.431354
0.000000,3568277512.441354
0.000000,3568277512.451355
0.000000,3568277512.461357
0.051546,3568277512.471355
0.051546,3568277512.481357
0.082461,3568277512.491353
0.082461,3568277512.501357
0.134007,3568277512.511356
0.134007,3568277512.521358
0.175237,3568277512.531357
0.175237,3568277512.541358
0.175237,3568277512.551358
0.175237,3568277512.561357
0.185553,3568277512.571359
0.185553,3568277512.581358
0.216498,3568277512.591355
0.216498,3568277512.601358
0.288644,3568277512.611359
0.288644,3568277512.621360
0.381451,3568277512.631360
0.381451,3568277512.641361
0.484542,3568277512.651360
0.484542,3568277512.661361
0.577319,3568277512.671361
0.690725,3568277512.681362
0.845363,3568277512.691359
0.845363,3568277512.701363
0.896908,3568277512.711362
0.896908,3568277512.721362
0.958769,3568277512.731363
0.958769,3568277512.741363
1.000000,3568277512.751364
1.000000,3568277512.761365
1.000000,3568277512.771364
1.000000,3568277512.781364
1.000000,3568277512.791364
1.000000,3568277512.801365
1.000000,3568277512.811365
1.000000,3568277512.821367
1.000000,3568277512.831365
1.000000,3568277512.841366
1.000000,3568277512.851367
1.000000,3568277512.861367
1.000000,3568277512.871366
1.000000,3568277512.881368
1.000000,3568277512.891364
1.000000,3568277512.901367
1.000000,3568277512.911367
1.000000,3568277512.921368
1.000000,3568277512.931368
1.000000,3568277512.941370
1.000000,3568277512.951368
0.360820,3568277512.961369
0.360820,3568277512.971370
0.000000,3568277512.981369
0.000000,3568277512.991367
-0.350536,3568277513.001371
-0.350536,3568277513.011370
-0.567034,3568277513.021371
-0.567034,3568277513.031371
-0.567034,3568277513.041372
-1.000000,3568277513.051371
-1.000000,3568277513.061373
-1.000000,3568277513.071372
-1.000000,3568277513.081373
-1.000000,3568277513.091370
-1.000000,3568277513.101373
-1.000000,3568277513.111373
-1.000000,3568277513.121375
-1.000000,3568277513.131374
-1.000000,3568277513.141374
-1.000000,3568277513.151375
-1.000000,3568277513.161375
-1.000000,3568277513.171375
-1.000000,3568277513.181376
-1.000000,3568277513.191373
-1.000000,3568277513.201376
-1.000000,3568277513.211376
-1.000000,3568277513.221377
-1.000000,3568277513.231376
-1.000000,3568277513.241378
-1.000000,3568277513.251378
-1.000000,3568277513.261377
-1.000000,3568277513.271378
-1.000000,3568277513.281378
-1.000000,3568277513.291375
-1.000000,3568277513.301380
-1.000000,3568277513.311379
-1.000000,3568277513.321379
-1.000000,3568277513.331379
-0.866024,3568277513.341380
-0.866024,3568277513.351380
-0.731986,3568277513.361382
-0.731986,3568277513.371383
-0.680441,3568277513.381381
-0.649525,3568277513.391377
-0.649525,3568277513.401382
-0.628895,3568277513.411381
-0.536119,3568277513.421384
-0.536119,3568277513.431380
-0.453627,3568277513.441382
-0.360851,3568277513.451383
-0.247444,3568277513.461384
-0.247444,3568277513.471384
-0.103122,3568277513.481386
0.000000,3568277513.491381
0.000000,3568277513.501384
0.164953,3568277513.511384
0.402051,3568277513.521385
0.402051,3568277513.531385
0.659810,3568277513.541387
0.659810,3568277513.551385
0.989715,3568277513.561387
1.000000,3568277513.571387
1.000000,3568277513.581387
1.000000,3568277513.591384
1.000000,3568277513.601388
1.000000,3568277513.611387
1.000000,3568277513.621388
1.000000,3568277513.631387
1.000000,3568277513.641388
1.000000,3568277513.651388
1.000000,3568277513.661390
1.000000,3568277513.671389
1.000000,3568277513.681388
1.000000,3568277513.691387
1.000000,3568277513.701391
1.000000,3568277513.711390
1.000000,3568277513.721392
1.000000,3568277513.731391
1.000000,3568277513.741392
1.000000,3568277513.751391
1.000000,3568277513.761392
1.000000,3568277513.771392
1.000000,3568277513.781394
1.000000,3568277513.791389
1.000000,3568277513.801392
1.000000,3568277513.811393
1.000000,3568277513.821394
1.000000,3568277513.831393
1.000000,3568277513.841395
1.000000,3568277513.851394
0.309275,3568277513.861394
0.309275,3568277513.871396
0.000000,3568277513.881396
-0.340220,3568277513.891393
-0.577349,3568277513.901395
-0.577349,3568277513.911396
-0.577349,3568277513.921397
-1.000000,3568277513.931396
-1.000000,3568277513.941397
-1.000000,3568277513.951396
-1.000000,3568277513.961398
-1.000000,3568277513.971398
-1.000000,3568277513.981398
-1.000000,3568277513.991395
-1.000000,3568277514.001399
-1.000000,3568277514.011398
-1.000000,3568277514.021400
-1.000000,3568277514.031398
-1.000000,3568277514.041399
-1.000000,3568277514.051399
-1.000000,3568277514.061400
-1.000000,3568277514.071401
-1.000000,3568277514.081401
-1.000000,3568277514.091398
-1.000000,3568277514.101402
-1.000000,3568277514.111401
-1.000000,3568277514.121402
-1.000000,3568277514.131401
-1.000000,3568277514.141403
-1.000000,3568277514.151402
-1.000000,3568277514.161403
-1.000000,3568277514.171403
-1.000000,3568277514.181404
-1.000000,3568277514.191401
-1.000000,3568277514.201405
-1.000000,3568277514.211405
-1.000000,3568277514.221405
-1.000000,3568277514.231405
-1.000000,3568277514.241406
-1.000000,3568277514.251405
-1.000000,3568277514.261407
-1.000000,3568277514.271407
-1.000000,3568277514.281406
-1.000000,3568277514.291403
-1.000000,3568277514.301408
-0.989746,3568277514.311407
-0.989746,3568277514.321410
-0.556719,3568277514.331408
-0.371166,3568277514.341407
-0.371166,3568277514.351408
-0.195898,3568277514.361409
-0.195898,3568277514.371409
0.000000,3568277514.381411
0.000000,3568277514.391406
0.000000,3568277514.401410
0.134007,3568277514.411410
0.381451,3568277514.421411
0.381451,3568277514.431409
0.577319,3568277514.441412
0.773217,3568277514.451411
1.000000,3568277514.461411
1.000000,3568277514.471412
1.000000,3568277514.481414
1.000000,3568277514.491409
1.000000,3568277514.501413
1.000000,3568277514.511413
1.000000,3568277514.521414
1.000000,3568277514.531414
1.000000,3568277514.541414
1.000000,3568277514.551413
1.000000,3568277514.561415
1.000000,3568277514.571414
1.000000,3568277514.581415
1.000000,3568277514.591413
1.000000,3568277514.601415
1.000000,3568277514.611416
1.000000,3568277514.621417
1.000000,3568277514.631416
1.000000,3568277514.641417
1.000000,3568277514.651417
1.000000,3568277514.661417
1.000000,3568277514.671418
1.000000,3568277514.681419
1.000000,3568277514.691415
1.000000,3568277514.701418
1.000000,3568277514.711418
1.000000,3568277514.721418
1.000000,3568277514.731420
1.000000,3568277514.741420
1.000000,3568277514.751419
1.000000,3568277514.761420
1.000000,3568277514.771420
1.000000,3568277514.781420
0.608264,3568277514.791417
0.113376,3568277514.801422
0.000000,3568277514.811421
-0.257759,3568277514.821423
-0.433027,3568277514.831421
-0.433027,3568277514.841422
-0.587664,3568277514.851422
-0.876339,3568277514.861423
-0.876339,3568277514.871423
-0.876339,3568277514.881423
-1.000000,3568277514.891421
-1.000000,3568277514.901423
-1.000000,3568277514.911423
-1.000000,3568277514.921426
-1.000000,3568277514.931425
-1.000000,3568277514.941425
-1.000000,3568277514.951426
-1.000000,3568277514.961425
-1.000000,3568277514.971426
-1.000000,3568277514.981428
-1.000000,3568277514.991424
-1.000000,3568277515.001427
-1.000000,3568277515.011426
-1.000000,3568277515.021428
-1.000000,3568277515.031427
-1.000000,3568277515.041428
-1.000000,3568277515.051427
-1.000000,3568277515.061429
-1.000000,3568277515.071429
-1.000000,3568277515.081429
-1.000000,3568277515.091426
-1.000000,3568277515.101430
-1.000000,3568277515.111429
-1.000000,3568277515.121430
-1.000000,3568277515.131430
-1.000000,3568277515.141430
-1.000000,3568277515.151431
-1.000000,3568277515.161433
-1.000000,3568277515.171432
-1.000000,3568277515.181432
-1.000000,3568277515.191429
-1.000000,3568277515.201433
-0.577349,3568277515.211432
-0.391766,3568277515.221433
-0.237129,3568277515.231433
-0.237129,3568277515.241434
-0.030946,3568277515.251433
0.000000,3568277515.261434
0.072146,3568277515.271435
0.329905,3568277515.281435
0.329905,3568277515.291431
0.577319,3568277515.301435
0.907224,3568277515.311434
0.907224,3568277515.321436
1.000000,3568277515.331435
1.000000,3568277515.341437
1.000000,3568277515.351437
1.000000,3568277515.361436
1.000000,3568277515.371437
1.000000,3568277515.381437
1.000000,3568277515.391435
1.000000,3568277515.401440
1.000000,3568277515.411438
1.000000,3568277515.421439
1.000000,3568277515.431437
1.000000,3568277515.441440
1.000000,3568277515.451439
1.000000,3568277515.461441
1.000000,3568277515.471439
1.000000,3568277515.481441
1.000000,3568277515.491437
1.000000,3568277515.501441
1.000000,3568277515.511441
1.000000,3568277515.521443
1.000000,3568277515.531441
1.000000,3568277515.541442
1.000000,3568277515.551442
1.000000,3568277515.561443
1.000000,3568277515.571442
1.000000,3568277515.581444
1.000000,3568277515.591441
1.000000,3568277515.601443
1.000000,3568277515.611444
1.000000,3568277515.621444
1.000000,3568277515.631445
1.000000,3568277515.641446
1.000000,3568277515.651444
1.000000,3568277515.661445
1.000000,3568277515.671446
1.000000,3568277515.681447
0.515458,3568277515.691444
0.515458,3568277515.701447
0.000000,3568277515.711447
-0.237129,3568277515.721447
-0.494888,3568277515.731447
-0.762932,3568277515.741447
-0.762932,3568277515.751448
-0.762932,3568277515.761450
-1.000000,3568277515.771448
-1.000000,3568277515.781448
-1.000000,3568277515.791445
-1.000000,3568277515.801449
-1.000000,3568277515.811449
-1.000000,3568277515.821450
-1.000000,3568277515.831450
-1.000000,3568277515.841450
-1.000000,3568277515.851450
-1.000000,3568277515.861451
-1.000000,3568277515.871451
-1.000000,3568277515.881452
-1.000000,3568277515.891448
-1.000000,3568277515.901453
-1.000000,3568277515.911453
-1.000000,3568277515.921453
-1.000000,3568277515.931453
-1.000000,3568277515.941454
-1.000000,3568277515.951452
-1.000000,3568277515.961453
-1.000000,3568277515.971455
-1.000000,3568277515.981455
-1.000000,3568277515.991452
-1.000000,3568277516.001456
-1.000000,3568277516.011456
-1.000000,3568277516.021455
-1.000000,3568277516.031455
-1.000000,3568277516.041456
-1.000000,3568277516.051456
-1.000000,3568277516.061457
-1.000000,3568277516.071458
-1.000000,3568277516.081457
-0.969115,3568277516.091454
-0.969115,3568277516.101459
-0.855708,3568277516.111458
-0.855708,3568277516.121460
-0.742302,3568277516.131459
-0.680441,3568277516.141459
-0.680441,3568277516.151458
-0.628895,3568277516.161459
-0.597980,3568277516.171460
-0.556719,3568277516.181461
-0.494888,3568277516.191457
-0.494888,3568277516.201460
-0.412397,3568277516.211460
-0.319620,3568277516.221462
-0.226814,3568277516.231462
-0.226814,3568277516.241462
-0.103122,3568277516.251462
-0.010315,3568277516.261462
0.000000,3568277516.271462
0.010285,3568277516.281462
0.123692,3568277516.291460
0.298959,3568277516.301466
0.298959,3568277516.311464
0.484542,3568277516.321464
0.680410,3568277516.331464
0.907224,3568277516.341465
0.907224,3568277516.351466
1.000000,3568277516.361466
1.000000,3568277516.371466
1.000000,3568277516.381465
1.000000,3568277516.391463
1.000000,3568277516.401467
1.000000,3568277516.411467
1.000000,3568277516.421469
1.000000,3568277516.431465
1.000000,3568277516.441467
1.000000,3568277516.451468
1.000000,3568277516.461468
1.000000,3568277516.471468
1.000000,3568277516.481470
1.000000,3568277516.491466
1.000000,3568277516.501468
1.000000,3568277516.511468
1.000000,3568277516.521470
0.845363,3568277516.531469
0.608264,3568277516.541471
0.494858,3568277516.551470
0.391736,3568277516.561471
0.319590,3568277516.571471
0.319590,3568277516.581471
0.309275,3568277516.591470
0.309275,3568277516.601473
0.309275,3568277516.611472
0.309275,3568277516.621472
0.309275,3568277516.631473
0.309275,3568277516.641473
0.309275,3568277516.651473
0.298959,3568277516.661475
0.298959,3568277516.671474
0.247414,3568277516.681473
0.195868,3568277516.691472
0.092776,3568277516.701475
0.092776,3568277516.711475
0.000000,3568277516.721477
-0.020631,3568277516.731475
-0.020631,3568277516.741476
-0.175268,3568277516.751475
-0.309305,3568277516.761476
-0.433027,3568277516.771476
-0.433027,3568277516.781478
-0.536119,3568277516.791474
-0.649525,3568277516.801477
-0.649525,3568277516.811477
-1.000000,3568277516.821478
-1.000000,3568277516.831478
-1.000000,3568277516.841480
-1.000000,3568277516.851479
-1.000000,3568277516.861479
-1.000000,3568277516.871480
-1.000000,3568277516.881480
-1.000000,3568277516.891477
-1.000000,3568277516.901482
-1.000000,3568277516.911480
-1.000000,3568277516.921481
-1.000000,3568277516.931481
-1.000000,3568277516.941482
-1.000000,3568277516.951481
-1.000000,3568277516.961483
-1.000000,3568277516.971483
-1.000000,3568277516.981483
-1.000000,3568277516.991479
-1.000000,3568277517.001482
-1.000000,3568277517.011483
-1.000000,3568277517.021484
-1.000000,3568277517.031485
-1.000000,3568277517.041484
-1.000000,3568277517.051484
-1.000000,3568277517.061485
-1.000000,3568277517.071486
-1.000000,3568277517.081486
-1.000000,3568277517.091482
-1.000000,3568277517.101486
-1.000000,3568277517.111486
-1.000000,3568277517.121486
-1.000000,3568277517.131487
-1.000000,3568277517.141488
-1.000000,3568277517.151487
-1.000000,3568277517.161488
-1.000000,3568277517.171488
-1.000000,3568277517.181489
-1.000000,3568277517.191486
-1.000000,3568277517.201489
-1.000000,3568277517.211490
-0.752617,3568277517.221489
-0.597980,3568277517.231490
-0.515488,3568277517.241490
-0.443342,3568277517.251491
-0.381481,3568277517.261491
-0.329936,3568277517.271491
-0.288675,3568277517.281491
-0.247444,3568277517.291488
-0.247444,3568277517.301492
-0.237129,3568277517.311491
-0.195898,3568277517.321493
-0.144353,3568277517.331493
-0.103122,3568277517.341493
-0.030946,3568277517.351492
0.000000,3568277517.361493
0.000000,3568277517.371494
0.000000,3568277517.381495
0.000000,3568277517.391490
0.103092,3568277517.401494
0.103092,3568277517.411495
0.237098,3568277517.421495
0.350505,3568277517.431493
0.443312,3568277517.441497
0.443312,3568277517.451495
0.546403,3568277517.461496
0.649495,3568277517.471496
0.773217,3568277517.481498
0.907224,3568277517.491494
0.907224,3568277517.501499
1.000000,3568277517.511497
1.000000,3568277517.521497
1.000000,3568277517.531498
1.000000,3568277517.541499
1.000000,3568277517.551499
1.000000,3568277517.561500
1.000000,3568277517.571498
1.000000,3568277517.581499
1.000000,3568277517.591497
1.000000,3568277517.601500
1.000000,3568277517.611500
1.000000,3568277517.621501
1.000000,3568277517.631501
1.000000,3568277517.641501
1.000000,3568277517.651501
1.000000,3568277517.661501
1.000000,3568277517.671502
1.000000,3568277517.681504
1.000000,3568277517.691500
1.000000,3568277517.701503
1.000000,3568277517.711503
1.000000,3568277517.721503
1.000000,3568277517.731503
1.000000,3568277517.741505
1.000000,3568277517.751503
1.000000,3568277517.761505
1.000000,3568277517.771505
1.000000,3568277517.781505
1.000000,3568277517.791502
1.000000,3568277517.801507
1.000000,3568277517.811505
1.000000,3568277517.821506
1.000000,3568277517.831506
1.000000,3568277517.841507
1.000000,3568277517.851507
1.000000,3568277517.861509
1.000000,3568277517.871508
1.000000,3568277517.881507
1.000000,3568277517.891505
1.000000,3568277517.901509
1.000000,3568277517.911508
1.000000,3568277517.921510
0.989715,3568277517.931509
0.989715,3568277517.941510
0.927854,3568277517.951510
0.927854,3568277517.961511
0.865993,3568277517.971510
0.783502,3568277517.981512
0.701041,3568277517.991508
0.608264,3568277518.001511
0.515458,3568277518.011511
0.515458,3568277518.021512
0.412366,3568277518.031513
0.278329,3568277518.041513
0.123692,3568277518.051513
0.000000,3568277518.061512
0.000000,3568277518.071514
-0.092807,3568277518.081513
-0.247444,3568277518.091510
-0.319620,3568277518.101515
-0.319620,3568277518.111514
-0.350536,3568277518.121515
-0.360851,3568277518.131514
-0.371166,3568277518.141516
-0.371166,3568277518.151515
-0.360851,3568277518.161517
-0.350536,3568277518.171516
-0.350536,3568277518.181517
-0.329936,3568277518.191513
-0.329936,3568277518.201517
-0.309305,3568277518.211517
-0.309305,3568277518.221519
-0.288675,3568277518.231518
-0.288675,3568277518.241520
-0.268075,3568277518.251518
-0.257759,3568277518.261518
-0.257759,3568277518.271520
-0.247444,3568277518.281520
-0.237129,3568277518.291517
-0.237129,3568277518.301519
-0.237129,3568277518.311520
-0.237129,3568277518.321520
-0.237129,3568277518.331521
-0.226814,3568277518.341522
-0.206214,3568277518.351521
-0.185583,3568277518.361521
-0.185583,3568277518.371524
-0.175268,3568277518.381521
-0.164983,3568277518.391520
-0.164983,3568277518.401525
-0.144353,3568277518.411523
-0.123722,3568277518.421524
-0.103122,3568277518.431522
-0.082492,3568277518.441524
-0.072176,3568277518.451524
-0.072176,3568277518.461525
-0.061861,3568277518.471524
-0.051576,3568277518.481525
-0.041261,3568277518.491523
-0.030946,3568277518.501525
-0.030946,3568277518.511526
-0.030946,3568277518.521527
-0.020631,3568277518.531526
-0.020631,3568277518.541526
-0.020631,3568277518.551527
-0.020631,3568277518.561527
-0.020631,3568277518.571527
-0.020631,3568277518.581528
-0.010315,3568277518.591525
-0.010315,3568277518.601528
0.000000,3568277518.611528
0.000000,3568277518.621529
0.000000,3568277518.631529
0.000000,3568277518.641530
0.000000,3568277518.651530
0.000000,3568277518.661529
0.000000,3568277518.671531
0.000000,3568277518.681530
0.000000,3568277518.691528
-0.010315,3568277518.701531
-0.010315,3568277518.711531
-0.010315,3568277518.721531
-0.010315,3568277518.731531
-0.010315,3568277518.741533
-0.010315,3568277518.751533
-0.010315,3568277518.761533
-0.010315,3568277518.771533
-0.010315,3568277518.781533
-0.010315,3568277518.791530
-0.010315,3568277518.801534
-0.010315,3568277518.811534
-0.010315,3568277518.821535
-0.010315,3568277518.831534
-0.010315,3568277518.841536
-0.010315,3568277518.851535
-0.010315,3568277518.861536
-0.020631,3568277518.871537
-0.020631,3568277518.881537
-0.020631,3568277518.891533
-0.020631,3568277518.901536
-0.020631,3568277518.911537
-0.020631,3568277518.921537
-0.020631,3568277518.931537
-0.020631,3568277518.941539
-0.020631,3568277518.951537
-0.020631,3568277518.961538
-0.020631,3568277518.971539
-0.020631,3568277518.981539
-0.020631,3568277518.991536
-0.020631,3568277519.001541
-0.020631,3568277519.011540
-0.020631,3568277519.021540
-0.020631,3568277519.031540
-0.020631,3568277519.041541
-0.020631,3568277519.051540
-0.020631,3568277519.061542
-0.020631,3568277519.071541
-0.020631,3568277519.081541
-0.020631,3568277519.091540
-0.020631,3568277519.101542
-0.020631,3568277519.111543
-0.020631,3568277519.121544
-0.020631,3568277519.131543
-0.020631,3568277519.141543
-0.010315,3568277519.151543
-0.010315,3568277519.161544
-0.010315,3568277519.171544
-0.010315,3568277519.181546
-0.010315,3568277519.191542
-0.010315,3568277519.201546
-0.010315,3568277519.211545
-0.010315,3568277519.221545
-0.010315,3568277519.231546
-0.010315,3568277519.241548
-0.010315,3568277519.251545
-0.010315,3568277519.261546
-0.030946,3568277519.271547
-0.030946,3568277519.281548
-0.030946,3568277519.291544
-0.041261,3568277519.301548
-0.051576,3568277519.311548
-0.061861,3568277519.321549
-0.061861,3568277519.331548
-0.061861,3568277519.341549
-0.061861,3568277519.351550
-0.061861,3568277519.361551
-0.061861,3568277519.371550
-0.061861,3568277519.381550
-0.061861,3568277519.391547
-0.061861,3568277519.401550
-0.061861,3568277519.411550
-0.061861,3568277519.421552
-0.061861,3568277519.431550
-0.061861,3568277519.441551
-0.061861,3568277519.451551
-0.061861,3568277519.461553
-0.061861,3568277519.471552
-0.072176,3568277519.481555
-0.082492,3568277519.491549
-0.082492,3568277519.501553
-0.103122,3568277519.511554
-0.103122,3568277519.521554
-0.113407,3568277519.531555
-0.134037,3568277519.541555
-0.175268,3568277519.551555
-0.195898,3568277519.561555
-0.216529,3568277519.571556
-0.237129,3568277519.581556
-0.237129,3568277519.591554
-0.226814,3568277519.601558
-0.226814,3568277519.611556
-0.226814,3568277519.621558
-0.226814,3568277519.631557
-0.216529,3568277519.641557
-0.216529,3568277519.651557
-0.216529,3568277519.661559
-0.216529,3568277519.671559
-0.216529,3568277519.681558
-0.216529,3568277519.691556
-0.216529,3568277519.701559
-0.216529,3568277519.711559
-0.226814,3568277519.721560
-0.226814,3568277519.731561
-0.226814,3568277519.741560
-0.226814,3568277519.751561
-0.226814,3568277519.761561
-0.226814,3568277519.771561
-0.237129,3568277519.781563
-0.237129,3568277519.791558
-0.247444,3568277519.801562
-0.247444,3568277519.811562
-0.257759,3568277519.821563
-0.257759,3568277519.831563
-0.268075,3568277519.841564
-0.278359,3568277519.851563
-0.288675,3568277519.861564
-0.288675,3568277519.871564
-0.278359,3568277519.881564
-0.288675,3568277519.891562
-0.288675,3568277519.901567
-0.288675,3568277519.911565
-0.288675,3568277519.921566
-0.288675,3568277519.931565
-0.288675,3568277519.941566
-0.288675,3568277519.951566
-0.288675,3568277519.961568
-0.288675,3568277519.971567
-0.288675,3568277519.981567
-0.288675,3568277519.991565
-0.288675,3568277520.001567
-0.288675,3568277520.011569
-0.288675,3568277520.021569
-0.288675,3568277520.031569
-0.288675,3568277520.041569
-0.298990,3568277520.051569
-0.298990,3568277520.061569
-0.309305,3568277520.071569
-0.309305,3568277520.081572
-0.319620,3568277520.091567
-0.319620,3568277520.101570
-0.319620,3568277520.111571
-0.319620,3568277520.121572
-0.319620,3568277520.131571
-0.319620,3568277520.141572
-0.319620,3568277520.151571
-0.319620,3568277520.161571
-0.319620,3568277520.171572
-0.319620,3568277520.181572
-0.319620,3568277520.191570
-0.319620,3568277520.201574
-0.319620,3568277520.211574
-0.319620,3568277520.221573
-0.319620,3568277520.231574
-0.309305,3568277520.241574
-0.298990,3568277520.251575
-0.298990,3568277520.261576
-0.298990,3568277520.271575
-0.288675,3568277520.281575
-0.288675,3568277520.291572
-0.278359,3568277520.301576
-0.288675,3568277520.311576
-0.288675,3568277520.321578
-0.298990,3568277520.331577
-0.309305,3568277520.341578
-0.309305,3568277520.351577
-0.329936,3568277520.361578
-0.329936,3568277520.371577
-0.350536,3568277520.381579
-0.350536,3568277520.391574
-0.350536,3568277520.401578
-0.350536,3568277520.411579
-0.350536,3568277520.421580
-0.340220,3568277520.431577
-0.340220,3568277520.441581
-0.340220,3568277520.451580
-0.340220,3568277520.461581
-0.340220,3568277520.471581
-0.340220,3568277520.481582
-0.340220,3568277520.491579
-0.340220,3568277520.501582
-0.340220,3568277520.511583
-0.340220,3568277520.521583
-0.340220,3568277520.531582
-0.340220,3568277520.541583
-0.340220,3568277520.551582
-0.340220,3568277520.561584
-0.350536,3568277520.571584
-0.350536,3568277520.581583
-0.350536,3568277520.591581
-0.350536,3568277520.601584
-0.350536,3568277520.611585
-0.350536,3568277520.621586
-0.350536,3568277520.631586
-0.360851,3568277520.641585
-0.371166,3568277520.651586
-0.412397,3568277520.661586
-0.433027,3568277520.671587
-0.433027,3568277520.681588
-0.453627,3568277520.691584
-0.453627,3568277520.701587
-0.463942,3568277520.711587
-0.474258,3568277520.721588
-0.484573,3568277520.731588
-0.494888,3568277520.741590
-0.494888,3568277520.751587
-0.494888,3568277520.761589
-0.494888,3568277520.771590
-0.494888,3568277520.781590
-0.494888,3568277520.791587
-0.494888,3568277520.801591
-0.494888,3568277520.811590
-0.494888,3568277520.821590
-0.494888,3568277520.831591
-0.494888,3568277520.841591
-0.494888,3568277520.851592
-0.494888,3568277520.861593
-0.494888,3568277520.871592
-0.484573,3568277520.881592
-0.484573,3568277520.891589
-0.484573,3568277520.901594
-0.484573,3568277520.911593
-0.484573,3568277520.921594
-0.484573,3568277520.931594
-0.484573,3568277520.941594
-0.484573,3568277520.951594
-0.484573,3568277520.961594
-0.484573,3568277520.971595
-0.494888,3568277520.981596
-0.494888,3568277520.991592
-0.494888,3568277521.001596
-0.505173,3568277521.011596
-0.525803,3568277521.021596
-0.525803,3568277521.031597
-0.546434,3568277521.041597
-0.546434,3568277521.051597
-0.546434,3568277521.061598
-0.546434,3568277521.071598
-0.546434,3568277521.081598
-0.536119,3568277521.091596
-0.525803,3568277521.101599
-0.515488,3568277521.111598
-0.494888,3568277521.121600
-0.453627,3568277521.131599
-0.391766,3568277521.141600
-0.391766,3568277521.151600
-0.350536,3568277521.161601
-0.298990,3568277521.171601
-0.268075,3568277521.181601
-0.237129,3568277521.191598
-0.206214,3568277521.201602
-0.206214,3568277521.211601
-0.164983,3568277521.221603
-0.144353,3568277521.231602
-0.103122,3568277521.241603
-0.082492,3568277521.251603
-0.072176,3568277521.261603
-0.041261,3568277521.271604
-0.041261,3568277521.281605
-0.020631,3568277521.291600
0.000000,3568277521.301604
0.000000,3568277521.311604
0.000000,3568277521.321605
0.000000,3568277521.331606
0.000000,3568277521.341607
0.000000,3568277521.351605
0.000000,3568277521.361607
0.000000,3568277521.371606
0.000000,3568277521.381607
0.000000,3568277521.391603
0.000000,3568277521.401608
0.000000,3568277521.411607
0.000000,3568277521.421608
0.000000,3568277521.431607
0.000000,3568277521.441609
0.000000,3568277521.451609
0.000000,3568277521.461609
0.000000,3568277521.471609
0.000000,3568277521.481611
0.020600,3568277521.491606
0.041231,3568277521.501609
0.061831,3568277521.511610
0.082461,3568277521.521611
0.082461,3568277521.531611
0.103092,3568277521.541611
0.103092,3568277521.551611
0.103092,3568277521.561612
0.113376,3568277521.571611
0.113376,3568277521.581613
0.113376,3568277521.591610
0.113376,3568277521.601613
0.113376,3568277521.611613
0.113376,3568277521.621613
0.113376,3568277521.631614
0.113376,3568277521.641613
0.113376,3568277521.651614
0.113376,3568277521.661614
0.113376,3568277521.671614
0.113376,3568277521.681615
0.113376,3568277521.691612
0.113376,3568277521.701617
0.113376,3568277521.711615
0.113376,3568277521.721616
0.113376,3568277521.731616
0.123692,3568277521.741616
0.123692,3568277521.751617
0.134007,3568277521.761618
0.144322,3568277521.771618
0.144322,3568277521.781618
0.164953,3568277521.791615
0.175237,3568277521.801618
0.195868,3568277521.811618
0.226783,3568277521.821620
0.247414,3568277521.831619
0.247414,3568277521.841620
0.268044,3568277521.851619
0.268044,3568277521.861620
0.278329,3568277521.871621
0.288644,3568277521.881621
0.288644,3568277521.891618
0.288644,3568277521.901621
0.288644,3568277521.911621
0.298959,3568277521.921622
0.309275,3568277521.931621
0.309275,3568277521.941623
0.319590,3568277521.951622
0.329905,3568277521.961622
0.340190,3568277521.971623
0.340190,3568277521.981624
0.350505,3568277521.991621
0.360820,3568277522.001625
0.360820,3568277522.011624
0.371136,3568277522.021625
0.381451,3568277522.031625
0.391736,3568277522.041625
0.412366,3568277522.051625
0.412366,3568277522.061626
0.422681,3568277522.071625
0.432997,3568277522.081625
0.443312,3568277522.091623
0.443312,3568277522.101627
0.432997,3568277522.111627
0.432997,3568277522.121629
0.422681,3568277522.131627
0.412366,3568277522.141628
0.412366,3568277522.151628
0.381451,3568277522.161629
0.381451,3568277522.171629
0.371136,3568277522.181629
0.360820,3568277522.191626
0.371136,3568277522.201629
0.381451,3568277522.211630
0.381451,3568277522.221630
0.412366,3568277522.231630
0.432997,3568277522.241632
0.432997,3568277522.251631
0.453597,3568277522.261631
0.484542,3568277522.271631
0.494858,3568277522.281633
0.494858,3568277522.291629
0.494858,3568277522.301634
0.494858,3568277522.311634
0.484542,3568277522.321633
0.463912,3568277522.331633
0.463912,3568277522.341633
0.463912,3568277522.351634
0.463912,3568277522.361636
0.463912,3568277522.371634
0.463912,3568277522.381635
0.463912,3568277522.391632
0.474227,3568277522.401635
0.474227,3568277522.411635
0.484542,3568277522.421637
0.484542,3568277522.431633
0.505142,3568277522.441637
0.515458,3568277522.451636
0.515458,3568277522.461637
0.556688,3568277522.471637
0.618549,3568277522.481639
0.659810,3568277522.491635
0.701041,3568277522.501638
0.721671,3568277522.511638
0.731956,3568277522.521639
0.731956,3568277522.531639
0.721671,3568277522.541640
0.690725,3568277522.551640
0.639180,3568277522.561641
0.536088,3568277522.571640
0.371136,3568277522.581641
0.123692,3568277522.591638
0.000000,3568277522.601642
0.000000,3568277522.611641
-0.010315,3568277522.621641
-0.010315,3568277522.631641
-0.103122,3568277522.641642
-0.113407,3568277522.651643
-0.113407,3568277522.661644
-0.113407,3568277522.671643
-0.103122,3568277522.681643
-0.103122,3568277522.691640
-0.103122,3568277522.701643
-0.092807,3568277522.711643
-0.103122,3568277522.721645
-0.103122,3568277522.731644
-0.103122,3568277522.741645
-0.123722,3568277522.751646
-0.154668,3568277522.761646
-0.154668,3568277522.771646
-0.206214,3568277522.781648
-0.237129,3568277522.791642
-0.247444,3568277522.801645
-0.247444,3568277522.811646
-0.257759,3568277522.821648
-0.257759,3568277522.831647
-0.268075,3568277522.841648
-0.268075,3568277522.851648
-0.268075,3568277522.861647
-0.278359,3568277522.871649
-0.278359,3568277522.881648
-0.288675,3568277522.891646
-0.288675,3568277522.901650
-0.319620,3568277522.911649
-0.329936,3568277522.921650
-0.350536,3568277522.931650
-0.350536,3568277522.941650
-0.360851,3568277522.951650
-0.360851,3568277522.961652
-0.360851,3568277522.971651
-0.360851,3568277522.981651
-0.360851,3568277522.991649
-0.360851,3568277523.001653
-0.360851,3568277523.011653
-0.360851,3568277523.021654
-0.360851,3568277523.031654
-0.360851,3568277523.041653
-0.360851,3568277523.051653
-0.360851,3568277523.061655
-0.360851,3568277523.071654
-0.360851,3568277523.081656
-0.360851,3568277523.091651
-0.360851,3568277523.101655
-0.360851,3568277523.111656
-0.360851,3568277523.121655
-0.360851,3568277523.131655
-0.360851,3568277523.141657
-0.360851,3568277523.151656
-0.360851,3568277523.161656
-0.360851,3568277523.171657
-0.360851,3568277523.181658
-0.360851,3568277523.191655
-0.371166,3568277523.201658
-0.381481,3568277523.211658
-0.381481,3568277523.221659
-0.402081,3568277523.231658
-0.402081,3568277523.241659
-0.443342,3568277523.251659
-0.463942,3568277523.261660
-0.484573,3568277523.271659
-0.505173,3568277523.281660
-0.536119,3568277523.291657
-0.587664,3568277523.301661
-0.628895,3568277523.311662
-0.618580,3568277523.321662
-0.618580,3568277523.331661
-0.587664,3568277523.341662
-0.515488,3568277523.351662
-0.433027,3568277523.361662
-0.329936,3568277523.371665
-0.226814,3568277523.381665
-0.061861,3568277523.391659
0.000000,3568277523.401664
0.010285,3568277523.411664
0.010285,3568277523.421664
0.237098,3568277523.431662
0.443312,3568277523.441666
0.618549,3568277523.451665
0.773217,3568277523.461665
0.773217,3568277523.471665
0.907224,3568277523.481667
0.958769,3568277523.491663
0.989715,3568277523.501667
1.000000,3568277523.511666
1.000000,3568277523.521667
1.000000,3568277523.531667
1.000000,3568277523.541668
0.989715,3568277523.551667
0.979400,3568277523.561669
0.969085,3568277523.571669
0.969085,3568277523.581669
0.969085,3568277523.591665
0.969085,3568277523.601669
0.979400,3568277523.611669
0.979400,3568277523.621670
0.989715,3568277523.631670
1.000000,3568277523.641670
1.000000,3568277523.651670
1.000000,3568277523.661671
1.000000,3568277523.671671
1.000000,3568277523.681673
1.000000,3568277523.691669
1.000000,3568277523.701672
1.000000,3568277523.711672
1.000000,3568277523.721673
1.000000,3568277523.731672
1.000000,3568277523.741674
1.000000,3568277523.751673
0.958769,3568277523.761673
0.896908,3568277523.771674
0.896908,3568277523.781674
0.814447,3568277523.791672
0.814447,3568277523.801675
0.731956,3568277523.811675
0.659810,3568277523.821674
0.659810,3568277523.831675
0.618549,3568277523.841676
0.577319,3568277523.851676
0.577319,3568277523.861678
0.505142,3568277523.871677
0.412366,3568277523.881676
0.298959,3568277523.891674
0.298959,3568277523.901678
0.154637,3568277523.911678
0.000000,3568277523.921679
-0.061861,3568277523.931678
-0.237129,3568277523.941678
-0.360851,3568277523.951679
-0.422712,3568277523.961679
-0.422712,3568277523.971680
-0.484573,3568277523.981679
-0.505173,3568277523.991677
-0.546434,3568277524.001681
-0.587664,3568277524.011681
-0.587664,3568277524.021682
-0.608295,3568277524.031682
-0.608295,3568277524.041683
-0.628895,3568277524.051681
-0.628895,3568277524.061681
-0.628895,3568277524.071682
-0.628895,3568277524.081683
-0.649525,3568277524.091680
-0.649525,3568277524.101684
-0.659841,3568277524.111682
-0.670125,3568277524.121683
-0.670125,3568277524.131683
-0.659841,3568277524.141685
-0.659841,3568277524.151685
-0.659841,3568277524.161687
-0.649525,3568277524.171686
-0.639210,3568277524.181685
-0.639210,3568277524.191683
-0.639210,3568277524.201686
-0.639210,3568277524.211686
-0.639210,3568277524.221687
-0.639210,3568277524.231686
-0.639210,3568277524.241686
-0.628895,3568277524.251687
-0.628895,3568277524.261687
-0.608295,3568277524.271688
-0.567034,3568277524.281690
-0.525803,3568277524.291685
-0.494888,3568277524.301688
-0.484573,3568277524.311690
-0.484573,3568277524.321690
-0.433027,3568277524.331691
-0.371166,3568277524.341691
-0.278359,3568277524.351690
-0.164983,3568277524.361690
-0.010315,3568277524.371691
0.000000,3568277524.381691
0.000000,3568277524.391688
0.061831,3568277524.401692
0.061831,3568277524.411692
0.144322,3568277524.421692
0.144322,3568277524.431691
0.195868,3568277524.441693
0.195868,3568277524.451693
0.175237,3568277524.461695
0.123692,3568277524.471694
0.051546,3568277524.481694
0.000000,3568277524.491691
0.000000,3568277524.501694
0.000000,3568277524.511694
0.000000,3568277524.521696
-0.020631,3568277524.531695
-0.092807,3568277524.541695
-0.092807,3568277524.551696
-0.144353,3568277524.561697
-0.195898,3568277524.571696
-0.247444,3568277524.581698
-0.298990,3568277524.591694
-0.298990,3568277524.601697
-0.350536,3568277524.611698
-0.350536,3568277524.621698
-0.381481,3568277524.631698
-0.381481,3568277524.641699
-0.412397,3568277524.651699
-0.453627,3568277524.661699
-0.474258,3568277524.671699
-0.484573,3568277524.681699
-0.474258,3568277524.691697
-0.463942,3568277524.701701
-0.391766,3568277524.711700
-0.309305,3568277524.721701
-0.206214,3568277524.731701
-0.010315,3568277524.741701
0.000000,3568277524.751701
0.000000,3568277524.761703
0.000000,3568277524.771702
0.154637,3568277524.781703
0.154637,3568277524.791700
0.278329,3568277524.801702
0.340190,3568277524.811704
0.350505,3568277524.821703
0.329905,3568277524.831705
0.237098,3568277524.841703
0.061831,3568277524.851705
0.000000,3568277524.861705
-0.041261,3568277524.871705
-0.257759,3568277524.881706
-0.257759,3568277524.891702
-0.391766,3568277524.901707
-0.463942,3568277524.911706
-0.484573,3568277524.921706
-0.463942,3568277524.931706
-0.463942,3568277524.941708
-0.402081,3568277524.951707
-0.288675,3568277524.961707
-0.103122,3568277524.971708
0.000000,3568277524.981708
0.000000,3568277524.991705
0.164953,3568277525.001709
0.164953,3568277525.011708
0.412366,3568277525.021708
0.587634,3568277525.031709
0.680410,3568277525.041709
0.680410,3568277525.051710
0.639180,3568277525.061711
0.463912,3568277525.071710
0.185553,3568277525.081711
0.000000,3568277525.091707
0.000000,3568277525.101712
-0.072176,3568277525.111711
-0.206214,3568277525.121713
-0.226814,3568277525.131712
-0.206214,3568277525.141712
-0.103122,3568277525.151712
0.000000,3568277525.161713
0.298959,3568277525.171714
0.577319,3568277525.181714
0.577319,3568277525.191710
0.824763,3568277525.201715
0.824763,3568277525.211714
1.000000,3568277525.221715
0.835047,3568277525.231714
0.525773,3568277525.241716
0.195868,3568277525.251714
0.195868,3568277525.261714
0.000000,3568277525.271717
-0.164983,3568277525.281717
-0.164983,3568277525.291714
-0.288675,3568277525.301718
-0.288675,3568277525.311718
-0.288675,3568277525.321717
-0.257759,3568277525.331717
-0.164983,3568277525.341718
-0.164983,3568277525.351718
0.000000,3568277525.361720
0.103092,3568277525.371719
0.298959,3568277525.381719
0.298959,3568277525.391717
0.402051,3568277525.401721
0.402051,3568277525.411720
0.432997,3568277525.421721
0.412366,3568277525.431718
0.412366,3568277525.441721
0.329905,3568277525.451721
0.329905,3568277525.461721
0.113376,3568277525.471723
0.000000,3568277525.481724
-0.082492,3568277525.491719
-0.309305,3568277525.501722
-0.412397,3568277525.511723
-0.433027,3568277525.521723
-0.433027,3568277525.531723
-0.412397,3568277525.541725
-0.412397,3568277525.551723
-0.340220,3568277525.561725
-0.206214,3568277525.571725
-0.010315,3568277525.581724
-0.010315,3568277525.591722
0.000000,3568277525.601727
0.134007,3568277525.611726
0.329905,3568277525.621727
0.422681,3568277525.631726
0.432997,3568277525.641726
0.391736,3568277525.651727
0.391736,3568277525.661727
0.247414,3568277525.671727
0.000000,3568277525.681727
0.000000,3568277525.691725
0.000000,3568277525.701729
-0.237129,3568277525.711729
-0.237129,3568277525.721731
-0.402081,3568277525.731730
-0.402081,3568277525.741729
-0.494888,3568277525.751729
-0.494888,3568277525.761730
-0.494888,3568277525.771730
-0.433027,3568277525.781732
-0.360851,3568277525.791727
-0.237129,3568277525.801731
-0.072176,3568277525.811731
0.000000,3568277525.821732
0.000000,3568277525.831731
0.000000,3568277525.841733
0.000000,3568277525.851733
-0.041261,3568277525.861732
-0.041261,3568277525.871733
-0.195898,3568277525.881733
-0.329936,3568277525.891730
-0.329936,3568277525.901735
-0.433027,3568277525.911733
-0.433027,3568277525.921734
-0.494888,3568277525.931734
-0.484573,3568277525.941735
-0.443342,3568277525.951735
-0.350536,3568277525.961737
-0.237129,3568277525.971735
-0.061861,3568277525.981736
0.000000,3568277525.991734
0.000000,3568277526.001738
0.000000,3568277526.011737
0.000000,3568277526.021739
0.000000,3568277526.031737
-0.072176,3568277526.041738
-0.237129,3568277526.051738
-0.360851,3568277526.061739
-0.360851,3568277526.071739
-0.402081,3568277526.081740
-0.350536,3568277526.091736
-0.350536,3568277526.101739
-0.226814,3568277526.111740
-0.226814,3568277526.121740
0.000000,3568277526.131741
0.000000,3568277526.141742
0.000000,3568277526.151741
0.309275,3568277526.161740
0.556688,3568277526.171741
0.731956,3568277526.181742
0.731956,3568277526.191738
0.783502,3568277526.201744
0.783502,3568277526.211743
0.762902,3568277526.221743
0.762902,3568277526.231743
0.608264,3568277526.241744
0.309275,3568277526.251743
0.000000,3568277526.261744
-0.051576,3568277526.271744
-0.309305,3568277526.281745
-0.453627,3568277526.291742
-0.453627,3568277526.301744
-0.463942,3568277526.311746
-0.463942,3568277526.321746
-0.412397,3568277526.331746
-0.268075,3568277526.341746
0.000000,3568277526.351746
0.092776,3568277526.361747
0.515458,3568277526.371747
0.515458,3568277526.381748
0.907224,3568277526.391744
1.000000,3568277526.401749
1.000000,3568277526.411748
0.835047,3568277526.421748
0.835047,3568277526.431746
0.391736,3568277526.441749
0.000000,3568277526.451749
-0.144353,3568277526.461749
-0.144353,3568277526.471750
-0.371166,3568277526.481752
-0.402081,3568277526.491747
-0.402081,3568277526.501752
-0.391766,3568277526.511751
-0.391766,3568277526.521751
-0.288675,3568277526.531752
-0.082492,3568277526.541753
0.000000,3568277526.551752
0.000000,3568277526.561755
0.185553,3568277526.571753
0.185553,3568277526.581753
0.474227,3568277526.591750
0.639180,3568277526.601754
0.639180,3568277526.611753
0.711356,3568277526.621755
0.711356,3568277526.631754
0.690725,3568277526.641754
0.567003,3568277526.651754
0.288644,3568277526.661756
0.000000,3568277526.671755
-0.051576,3568277526.681757
-0.319620,3568277526.691753
-0.402081,3568277526.701756
-0.402081,3568277526.711757
-0.412397,3568277526.721757
-0.412397,3568277526.731757
-0.371166,3568277526.741759
-0.371166,3568277526.751757
-0.237129,3568277526.761758
0.000000,3568277526.771758
0.000000,3568277526.781758
0.134007,3568277526.791756
0.608264,3568277526.801762
1.000000,3568277526.811759
1.000000,3568277526.821760
1.000000,3568277526.831759
1.000000,3568277526.841761
0.618549,3568277526.851760
0.144322,3568277526.861762
-0.030946,3568277526.871762
-0.371166,3568277526.881761
-0.567034,3568277526.891758
-0.567034,3568277526.901762
-0.628895,3568277526.911762
-0.628895,3568277526.921764
-0.587664,3568277526.931763
-0.587664,3568277526.941762
-0.474258,3568277526.951764
-0.474258,3568277526.961763
-0.319620,3568277526.971765
-0.319620,3568277526.981764
-0.123722,3568277526.991761
-0.123722,3568277527.001765
0.000000,3568277527.011765
0.051546,3568277527.021766
0.051546,3568277527.031765
0.226783,3568277527.041767
0.226783,3568277527.051765
0.278329,3568277527.061766
0.278329,3568277527.071765
0.226783,3568277527.081767
0.020600,3568277527.091764
0.000000,3568277527.101768
-0.237129,3568277527.111767
-0.494888,3568277527.121768
-0.494888,3568277527.131768
-0.494888,3568277527.141768
-1.000000,3568277527.151769
-1.000000,3568277527.161770
-1.000000,3568277527.171770
-1.000000,3568277527.181769
-1.000000,3568277527.191767
-1.000000,3568277527.201770
-0.597980,3568277527.211771
-0.340220,3568277527.221772
0.000000,3568277527.231771
0.000000,3568277527.241772
0.206183,3568277527.251771
0.783502,3568277527.261772
0.783502,3568277527.271772
1.000000,3568277527.281773
1.000000,3568277527.291770
1.000000,3568277527.301773
1.000000,3568277527.311773
1.000000,3568277527.321774
1.000000,3568277527.331774
1.000000,3568277527.341775
1.000000,3568277527.351775
-0.381481,3568277527.361774
-0.381481,3568277527.371775
-0.381481,3568277527.381776
-1.000000,3568277527.391773
-1.000000,3568277527.401778
-1.000000,3568277527.411776
-1.000000,3568277527.421777
-1.000000,3568277527.431776
-1.000000,3568277527.441777
-1.000000,3568277527.451778
-1.000000,3568277527.461780
-1.000000,3568277527.471779
-1.000000,3568277527.481780
-1.000000,3568277527.491776
-1.000000,3568277527.501779
-1.000000,3568277527.511778
-1.000000,3568277527.521781
-1.000000,3568277527.531779
-1.000000,3568277527.541780
-1.000000,3568277527.551781
-1.000000,3568277527.561781
-1.000000,3568277527.571781
-1.000000,3568277527.581783
-1.000000,3568277527.591779
-1.000000,3568277527.601781
-1.000000,3568277527.611783
-1.000000,3568277527.621782
-1.000000,3568277527.631783
-1.000000,3568277527.641783
-1.000000,3568277527.651783
-1.000000,3568277527.661783
-1.000000,3568277527.671784
-1.000000,3568277527.681784
-1.000000,3568277527.691782
-1.000000,3568277527.701786
-1.000000,3568277527.711784
-1.000000,3568277527.721785
-1.000000,3568277527.731785
-1.000000,3568277527.741786
-1.000000,3568277527.751786
-1.000000,3568277527.761787
-1.000000,3568277527.771786
-1.000000,3568277527.781787
-1.000000,3568277527.791784
-1.000000,3568277527.801787
-1.000000,3568277527.811787
-1.000000,3568277527.821789
-1.000000,3568277527.831788
-1.000000,3568277527.841788
-1.000000,3568277527.851789
-1.000000,3568277527.861789
-1.000000,3568277527.871789
-1.000000,3568277527.881791
-1.000000,3568277527.891788
-1.000000,3568277527.901789
-1.000000,3568277527.911790
-1.000000,3568277527.921791
-1.000000,3568277527.931790
-1.000000,3568277527.941792
-1.000000,3568277527.951793
-1.000000,3568277527.961792
-1.000000,3568277527.971793
-1.000000,3568277527.981792
-1.000000,3568277527.991790
-1.000000,3568277528.001794
-1.000000,3568277528.011793
-1.000000,3568277528.021793
-1.000000,3568277528.031794
-1.000000,3568277528.041795
-1.000000,3568277528.051794
-1.000000,3568277528.061795
-1.000000,3568277528.071795
-1.000000,3568277528.081795
-1.000000,3568277528.091793
-1.000000,3568277528.101796
-1.000000,3568277528.111796
-1.000000,3568277528.121798
-1.000000,3568277528.131797
-1.000000,3568277528.141797
-1.000000,3568277528.151797
-1.000000,3568277528.161798
-1.000000,3568277528.171798
-1.000000,3568277528.181800
-1.000000,3568277528.191795
-1.000000,3568277528.201798
-1.000000,3568277528.211799
-1.000000,3568277528.221800
-1.000000,3568277528.231800
-1.000000,3568277528.241801
-1.000000,3568277528.251800
-1.000000,3568277528.261801
-1.000000,3568277528.271801
-1.000000,3568277528.281801
-1.000000,3568277528.291798
-1.000000,3568277528.301802
-1.000000,3568277528.311802
-1.000000,3568277528.321802
-1.000000,3568277528.331802
-1.000000,3568277528.341803
-1.000000,3568277528.351803
-1.000000,3568277528.361804
-1.000000,3568277528.371806
-1.000000,3568277528.381804
-1.000000,3568277528.391801
-1.000000,3568277528.401804
-1.000000,3568277528.411804
-1.000000,3568277528.421806
-1.000000,3568277528.431803
-1.000000,3568277528.441806
-1.000000,3568277528.451806
-1.000000,3568277528.461806
-1.000000,3568277528.471806
-1.000000,3568277528.481808
-1.000000,3568277528.491804
-1.000000,3568277528.501807
-1.000000,3568277528.511807
-1.000000,3568277528.521808
-1.000000,3568277528.531807
-1.000000,3568277528.541810
-1.000000,3568277528.551808
-1.000000,3568277528.561809
-1.000000,3568277528.571809
-1.000000,3568277528.581810
-1.000000,3568277528.591806
-1.000000,3568277528.601810
-1.000000,3568277528.611810
-1.000000,3568277528.621810
-1.000000,3568277528.631810
-1.000000,3568277528.641810
-1.000000,3568277528.651811
-1.000000,3568277528.661813
-1.000000,3568277528.671812
-1.000000,3568277528.681812
-1.000000,3568277528.691810
-1.000000,3568277528.701813
-1.000000,3568277528.711812
-1.000000,3568277528.721815
-1.000000,3568277528.731813
-1.000000,3568277528.741813
-1.000000,3568277528.751814
-1.000000,3568277528.761814
-1.000000,3568277528.771815
-1.000000,3568277528.781816
-1.000000,3568277528.791812
-1.000000,3568277528.801815
-1.000000,3568277528.811815
-1.000000,3568277528.821816
-1.000000,3568277528.831817
-1.000000,3568277528.841817
-1.000000,3568277528.851817
-1.000000,3568277528.861818
-1.000000,3568277528.871818
-1.000000,3568277528.881819
-1.000000,3568277528.891815
-1.000000,3568277528.901819
-1.000000,3568277528.911819
-1.000000,3568277528.921819
-1.000000,3568277528.931818
-1.000000,3568277528.941819
-1.000000,3568277528.951818
-1.000000,3568277528.961821
-1.000000,3568277528.971820
-1.000000,3568277528.981820
-1.000000,3568277528.991820
-1.000000,3568277529.001821
-1.000000,3568277529.011821
-1.000000,3568277529.021823
-1.000000,3568277529.031823
-1.000000,3568277529.041823
-1.000000,3568277529.051823
-1.000000,3568277529.061823
-1.000000,3568277529.071823
-1.000000,3568277529.081825
-1.000000,3568277529.091821
-1.000000,3568277529.101824
-1.000000,3568277529.111825
-1.000000,3568277529.121825
-1.000000,3568277529.131824
-1.000000,3568277529.141826
-1.000000,3568277529.151825
-1.000000,3568277529.161826
-1.000000,3568277529.171826
-1.000000,3568277529.181827
-1.000000,3568277529.191823
-1.000000,3568277529.201828
-1.000000,3568277529.211828
-1.000000,3568277529.221828
-1.000000,3568277529.231828
-1.000000,3568277529.241828
-1.000000,3568277529.251828
-1.000000,3568277529.261829
-1.000000,3568277529.271828
-1.000000,3568277529.281830
-1.000000,3568277529.291827
-1.000000,3568277529.301830
-1.000000,3568277529.311830
-1.000000,3568277529.321832
-1.000000,3568277529.331830
-1.000000,3568277529.341830
-1.000000,3568277529.351831
-1.000000,3568277529.361831
-1.000000,3568277529.371832
-1.000000,3568277529.381833
-1.000000,3568277529.391829
-1.000000,3568277529.401829
-1.000000,3568277529.411832
-1.000000,3568277529.421834
-1.000000,3568277529.431831
-1.000000,3568277529.441834
-1.000000,3568277529.451834
-1.000000,3568277529.461833
-1.000000,3568277529.471835
-1.000000,3568277529.481836
-1.000000,3568277529.491832
-1.000000,3568277529.501837
-1.000000,3568277529.511835
-1.000000,3568277529.521836
-1.000000,3568277529.531836
-1.000000,3568277529.541837
-1.000000,3568277529.551836
-1.000000,3568277529.561839
-1.000000,3568277529.571837
-1.000000,3568277529.581837
-1.000000,3568277529.591834
-1.000000,3568277529.601839
-1.000000,3568277529.611838
-1.000000,3568277529.621840
-1.000000,3568277529.631839
-1.000000,3568277529.641839
-1.000000,3568277529.651839
-1.000000,3568277529.661840
-1.000000,3568277529.671840
-1.000000,3568277529.681841
-1.000000,3568277529.691838
-1.000000,3568277529.701839
-1.000000,3568277529.711841
-1.000000,3568277529.721842
-1.000000,3568277529.731842
-1.000000,3568277529.741843
-1.000000,3568277529.751842
-1.000000,3568277529.761842
-1.000000,3568277529.771843
-1.000000,3568277529.781844
-1.000000,3568277529.791840
-1.000000,3568277529.801845
-1.000000,3568277529.811844
-1.000000,3568277529.821845
-1.000000,3568277529.831845
-1.000000,3568277529.841845
-1.000000,3568277529.851845
-1.000000,3568277529.861846
-1.000000,3568277529.871845
-1.000000,3568277529.881846
-1.000000,3568277529.891842
-1.000000,3568277529.901847
-1.000000,3568277529.911847
-1.000000,3568277529.921848
-1.000000,3568277529.931847
-1.000000,3568277529.941849
-1.000000,3568277529.951848
-1.000000,3568277529.961848
-1.000000,3568277529.971848
-1.000000,3568277529.981850
-1.000000,3568277529.991846
-1.000000,3568277530.001849
-1.000000,3568277530.011851
-1.000000,3568277530.021850
-1.000000,3568277530.031850
-1.000000,3568277530.041852
-1.000000,3568277530.051850
-1.000000,3568277530.061851
-1.000000,3568277530.071852
-1.000000,3568277530.081852
-1.000000,3568277530.091849
-1.000000,3568277530.101853
-1.000000,3568277530.111853
-1.000000,3568277530.121852
-1.000000,3568277530.131853
-1.000000,3568277530.141853
-1.000000,3568277530.151853
-1.000000,3568277530.161855
-1.000000,3568277530.171854
-1.000000,3568277530.181854
-1.000000,3568277530.191851
-1.000000,3568277530.201856
-1.000000,3568277530.211854
-1.000000,3568277530.221856
-1.000000,3568277530.231856
-1.000000,3568277530.241856
-1.000000,3568277530.251856
-1.000000,3568277530.261857
-1.000000,3568277530.271856
-1.000000,3568277530.281857
-1.000000,3568277530.291854
-1.000000,3568277530.301858
-1.000000,3568277530.311861
-1.000000,3568277530.321859
-1.000000,3568277530.331858
-1.000000,3568277530.341860
-1.000000,3568277530.351859
-1.000000,3568277530.361860
-1.000000,3568277530.371860
-1.000000,3568277530.381860
-1.000000,3568277530.391856
-1.000000,3568277530.401862
-1.000000,3568277530.411860
-1.000000,3568277530.421861
-1.000000,3568277530.431861
-1.000000,3568277530.441862
-1.000000,3568277530.451862
-1.000000,3568277530.461863
-1.000000,3568277530.471862
-1.000000,3568277530.481864
-1.000000,3568277530.491861
-1.000000,3568277530.501863
-1.000000,3568277530.511864
-1.000000,3568277530.521866
-1.000000,3568277530.531864
-1.000000,3568277530.541865
-1.000000,3568277530.551865
-1.000000,3568277530.561865
-1.000000,3568277530.571865
-1.000000,3568277530.581866
-1.000000,3568277530.591862
-1.000000,3568277530.601866
-1.000000,3568277530.611866
-1.000000,3568277530.621867
-1.000000,3568277530.631868
-1.000000,3568277530.641868
-1.000000,3568277530.651867
-1.000000,3568277530.661868
-1.000000,3568277530.671868
-1.000000,3568277530.681869
-1.000000,3568277530.691866
-1.000000,3568277530.701870
-1.000000,3568277530.711869
-1.000000,3568277530.721870
-1.000000,3568277530.731869
-1.000000,3568277530.741870
-1.000000,3568277530.751870
-1.000000,3568277530.761872
-1.000000,3568277530.771872
-1.000000,3568277530.781871
-1.000000,3568277530.791870
-1.000000,3568277530.801873
-1.000000,3568277530.811872
-1.000000,3568277530.821874
-1.000000,3568277530.831872
-1.000000,3568277530.841872
-1.000000,3568277530.851873
-1.000000,3568277530.861874
-1.000000,3568277530.871873
-1.000000,3568277530.881875
-1.000000,3568277530.891871
-1.000000,3568277530.901874
-1.000000,3568277530.911875
-1.000000,3568277530.921875
-1.000000,3568277530.931875
-1.000000,3568277530.941877
-1.000000,3568277530.951877
-1.000000,3568277530.961876
